Variant_ID,Sequence,Protein,domain_sequence,Domain,Kd (nM),interface,Num_intf_residues,Polar,Hydrophobic,Charged,contact_pairs,sc,hb,sb,int_solv_en,int_area,iptm_ptm,iptm,mpDockQ/pDockQ,lis_score,average pae score,average lia score,ranked order,helix,coil,helix_coil,encoded_sequence,encode_domain,Transformed Kd (nM),predictions
EYA1_15,GLSQSQSPGQTGFLSYGTSFSTPQPGQAPYSYQMQGSSFTTSSGIYTGNNSLTNSSGFNSSQQDYPSYPSFGQGQYAQYY,EP300,GDSRRLSIQRCIQSLVHACQCRNANCSLPSCQKMKRVVQHTKGCKRKTNGGCPICKQLIALCCYHAKHCQENKCPVPFCLNI,TAZ2,46358.97,C_B,28.0,0.321,0.393,0.107,35.0,0.262,8.0,4.0,-14.88,1201.62,0.25665855,0.19070077,0.0721663,0.12055249,16.0871105,927,1,50,32,1.56,"[6, 10, 16, 14, 16, 14, 16, 13, 6, 14, 17, 6, 5, 10, 16, 20, 6, 17, 16, 5, 16, 17, 13, 14, 13, 6, 14, 1, 13, 20, 16, 20, 14, 11, 14, 6, 16, 16, 5, 17, 17, 16, 16, 6, 8, 20, 17, 6, 12, 12]","[6, 3, 16, 15, 15, 10, 16, 8, 14, 15, 2, 8, 14, 16, 10, 18, 7, 1, 2, 14, 2, 15, 12, 1, 12, 2, 16, 10, 13, 16, 2, 14, 9, 11, 9, 15, 18, 18, 14, 7, 17, 9, 6, 2, 9, 15, 9, 17, 12, 6]",0.0,0.4709945
PRMT2_1,ESQGEEPAECSEAGLLQEGVQPEEFVAIADYAATDETQLSFLRGEKILILRQTTADWWWGERAGCCGYIPANHVGKHVDE,EP300,GDSRRLSIQRCIQSLVHACQCRNANCSLPSCQKMKRVVQHTKGCKRKTNGGCPICKQLIALCCYHAKHCQENKCPVPFCLNI,TAZ2,29237.26,C_B,22.0,0.091,0.5,0.273,20.0,0.191,3.0,0.0,-6.96,805.83,0.31371885,0.25648314,0.0893598,0.11594461,16.0367088,1004,1,50,32,1.56,"[4, 16, 14, 6, 4, 4, 13, 1, 4, 2, 16, 4, 1, 6, 10, 10, 14, 4, 6, 18, 14, 13, 4, 4, 5, 18, 1, 8, 1, 3, 20, 1, 1, 17, 3, 4, 17, 14, 10, 16, 5, 10, 15, 6, 4, 9, 8, 10, 8, 10]","[6, 3, 16, 15, 15, 10, 16, 8, 14, 15, 2, 8, 14, 16, 10, 18, 7, 1, 2, 14, 2, 15, 12, 1, 12, 2, 16, 10, 13, 16, 2, 14, 9, 11, 9, 15, 18, 18, 14, 7, 17, 9, 6, 2, 9, 15, 9, 17, 12, 6]",0.38456092671724007,0.491479
BRD8_39,KEELDLAEKMDIAVSYTGEELDFETVGDIIAIIEDKVDDHPEVLDVAAVEAALSFCEENDDPQSLPGPWEHPIQQERDKP,EP300,GDSRRLSIQRCIQSLVHACQCRNANCSLPSCQKMKRVVQHTKGCKRKTNGGCPICKQLIALCCYHAKHCQENKCPVPFCLNI,TAZ2,10983.33,C_B,36.0,0.167,0.5,0.278,44.0,0.211,6.0,6.0,-19.09,1382.03,0.26594747,0.20382974,0.07853339,0.11575825,15.129324,1509,1,50,32,1.56,"[9, 4, 4, 10, 3, 10, 1, 4, 9, 11, 3, 8, 1, 18, 16, 20, 17, 6, 4, 4, 10, 3, 5, 4, 17, 18, 6, 3, 8, 8, 1, 8, 8, 4, 3, 9, 18, 3, 3, 7, 13, 4, 18, 10, 3, 18, 1, 1, 18, 4]","[6, 3, 16, 15, 15, 10, 16, 8, 14, 15, 2, 8, 14, 16, 10, 18, 7, 1, 2, 14, 2, 15, 12, 1, 12, 2, 16, 10, 13, 16, 2, 14, 9, 11, 9, 15, 18, 18, 14, 7, 17, 9, 6, 2, 9, 15, 9, 17, 12, 6]",0.7945519986972952,0.5585762
MYCL_0,DYDSYQHYFYDYDCGEDFYRSTAPSEDIWKKFELVPSPPTSPPWGLGPGAGDPAPGIGPPEPWPGGCTGDEAESRGHSKG,EP300,GDSRRLSIQRCIQSLVHACQCRNANCSLPSCQKMKRVVQHTKGCKRKTNGGCPICKQLIALCCYHAKHCQENKCPVPFCLNI,TAZ2,46358.97,C_B,29.0,0.31,0.483,0.138,27.0,0.455,10.0,1.0,-23.89,1461.17,0.68297643,0.7096468,0.23448228,0.14816034,14.3754368,5108,1,50,32,1.56,"[3, 20, 3, 16, 20, 14, 7, 20, 5, 20, 3, 20, 3, 2, 6, 4, 3, 5, 20, 15, 16, 17, 1, 13, 16, 4, 3, 8, 19, 9, 9, 5, 4, 10, 18, 13, 16, 13, 13, 17, 16, 13, 13, 19, 6, 10, 6, 13, 6, 1]","[6, 3, 16, 15, 15, 10, 16, 8, 14, 15, 2, 8, 14, 16, 10, 18, 7, 1, 2, 14, 2, 15, 12, 1, 12, 2, 16, 10, 13, 16, 2, 14, 9, 11, 9, 15, 18, 18, 14, 7, 17, 9, 6, 2, 9, 15, 9, 17, 12, 6]",0.0,0.53840053
FOXO1_56,VQVPLPHPMQMSALGGYSSVSSCNGYGRMGLLHQEKLPSDLDGMFIERLDCDMESIIRNDLMDGDTLDFNFDNVLPNQSF,EP300,GDSRRLSIQRCIQSLVHACQCRNANCSLPSCQKMKRVVQHTKGCKRKTNGGCPICKQLIALCCYHAKHCQENKCPVPFCLNI,TAZ2,9340.65,C_B,26.0,0.154,0.538,0.269,15.0,0.343,3.0,1.0,-28.16,1267.11,0.39257609,0.35818642,0.1458789,0.11957878,16.6177502,2883,2,50,32,1.56,"[18, 14, 18, 13, 10, 13, 7, 13, 11, 14, 11, 16, 1, 10, 6, 6, 20, 16, 16, 18, 16, 16, 2, 12, 6, 20, 6, 15, 11, 6, 10, 10, 7, 14, 4, 9, 10, 13, 16, 3, 10, 3, 6, 11, 5, 8, 4, 15, 10, 3]","[6, 3, 16, 15, 15, 10, 16, 8, 14, 15, 2, 8, 14, 16, 10, 18, 7, 1, 2, 14, 2, 15, 12, 1, 12, 2, 16, 10, 13, 16, 2, 14, 9, 11, 9, 15, 18, 18, 14, 7, 17, 9, 6, 2, 9, 15, 9, 17, 12, 6]",0.8314472937992374,0.7810193
TEF_7,MAVSASLMPPIWDKTIPYDGESFHLEYMDLDEFLLENGIPASPTHLAHNLLLPVAELEGKESASSSTASPPSSSTAIFQP,EP300,GDSRRLSIQRCIQSLVHACQCRNANCSLPSCQKMKRVVQHTKGCKRKTNGGCPICKQLIALCCYHAKHCQENKCPVPFCLNI,TAZ2,18203.84,C_B,31.0,0.194,0.516,0.194,33.0,0.198,2.0,3.0,-16.52,991.33,0.30159473,0.24562626,0.0815882,0.12774784,18.2397308,2062,1,50,32,1.56,"[11, 1, 18, 16, 1, 16, 10, 11, 13, 13, 8, 19, 3, 9, 17, 8, 13, 20, 3, 6, 4, 16, 5, 7, 10, 4, 20, 11, 3, 10, 3, 4, 5, 10, 10, 4, 12, 6, 8, 13, 1, 16, 13, 17, 7, 10, 1, 7, 12, 10]","[6, 3, 16, 15, 15, 10, 16, 8, 14, 15, 2, 8, 14, 16, 10, 18, 7, 1, 2, 14, 2, 15, 12, 1, 12, 2, 16, 10, 13, 16, 2, 14, 9, 11, 9, 15, 18, 18, 14, 7, 17, 9, 6, 2, 9, 15, 9, 17, 12, 6]",0.6323762570820535,0.31984758
FOXN1_49,PLPAHTPPSHSAKLLAEPSPARTMHDTLLPDGDLGTDLDAINPSLTDFDFQGNLWEQLKDDSLALDPLVLVTSSPTSSSM,EP300,GDSRRLSIQRCIQSLVHACQCRNANCSLPSCQKMKRVVQHTKGCKRKTNGGCPICKQLIALCCYHAKHCQENKCPVPFCLNI,TAZ2,22929.04,C_B,24.0,0.333,0.417,0.208,19.0,0.397,4.0,5.0,-12.37,1030.68,0.34428162,0.29951006,0.09541954,0.12200825,16.9287529,2163,2,50,32,1.56,"[13, 10, 13, 1, 7, 17, 13, 13, 16, 7, 16, 1, 9, 10, 10, 1, 4, 13, 16, 13, 1, 15, 17, 11, 7, 3, 17, 10, 10, 13, 3, 6, 3, 10, 6, 17, 3, 10, 3, 1, 8, 12, 13, 16, 10, 17, 3, 5, 3, 5]","[6, 3, 16, 15, 15, 10, 16, 8, 14, 15, 2, 8, 14, 16, 10, 18, 7, 1, 2, 14, 2, 15, 12, 1, 12, 2, 16, 10, 13, 16, 2, 14, 9, 11, 9, 15, 18, 18, 14, 7, 17, 9, 6, 2, 9, 15, 9, 17, 12, 6]",0.5262462448972716,0.36178827
FOXJ1_31,EAIFDAGTLGGELGALEALELSPPLSPASHVDVDLTIHGRHIDCPATWGPSVEQAADSLDFDETFLATSFLQHPWDESGS,EP300,GDSRRLSIQRCIQSLVHACQCRNANCSLPSCQKMKRVVQHTKGCKRKTNGGCPICKQLIALCCYHAKHCQENKCPVPFCLNI,TAZ2,13779.82,C_B,32.0,0.156,0.563,0.25,32.0,0.373,4.0,3.0,-13.89,963.31,0.31005243,0.2519376,0.07837106,0.12112228,14.7433128,2592,1,50,32,1.56,"[4, 1, 8, 5, 3, 1, 6, 17, 10, 6, 6, 4, 10, 6, 1, 10, 4, 1, 10, 4, 10, 16, 13, 13, 10, 16, 13, 1, 16, 7, 18, 3, 18, 3, 10, 17, 8, 7, 6, 15, 7, 8, 3, 2, 13, 1, 17, 19, 6, 13]","[6, 3, 16, 15, 15, 10, 16, 8, 14, 15, 2, 8, 14, 16, 10, 18, 7, 1, 2, 14, 2, 15, 12, 1, 12, 2, 16, 10, 13, 16, 2, 14, 9, 11, 9, 15, 18, 18, 14, 7, 17, 9, 6, 2, 9, 15, 9, 17, 12, 6]",0.7317416377020737,0.37976617
PRMT5_39,VEKNPNAVVTLENWQFEEWGSQVTVVSSDMREWVAPEKADIIVSELLGSFADNELSPECLDGAQHFLKDDGVSIPGEYTS,EP300,GDSRRLSIQRCIQSLVHACQCRNANCSLPSCQKMKRVVQHTKGCKRKTNGGCPICKQLIALCCYHAKHCQENKCPVPFCLNI,TAZ2,8034.19,C_B,38.0,0.211,0.474,0.237,42.0,0.247,11.0,5.0,-14.24,1164.47,0.29095643,0.22977832,0.07007583,0.11954207,16.921917,1583,1,50,32,1.56,"[18, 4, 9, 12, 13, 12, 1, 18, 18, 17, 10, 4, 12, 19, 14, 5, 4, 4, 19, 6, 16, 14, 18, 17, 18, 18, 16, 16, 3, 11, 15, 4, 19, 18, 1, 13, 4, 9, 1, 3, 8, 8, 18, 16, 4, 10, 10, 6, 16, 5]","[6, 3, 16, 15, 15, 10, 16, 8, 14, 15, 2, 8, 14, 16, 10, 18, 7, 1, 2, 14, 2, 15, 12, 1, 12, 2, 16, 10, 13, 16, 2, 14, 9, 11, 9, 15, 18, 18, 14, 7, 17, 9, 6, 2, 9, 15, 9, 17, 12, 6]",0.8607909439556182,0.36338022
mEGFP-GS,SGSGDGSSVSGSGGGGSGGGGSG,EP300,GDSRRLSIQRCIQSLVHACQCRNANCSLPSCQKMKRVVQHTKGCKRKTNGGCPICKQLIALCCYHAKHCQENKCPVPFCLNI,TAZ2,46358.97,C_B,11.0,0.455,0.273,0.091,9.0,0.238,2.0,2.0,-3.56,396.85,0.29680299,0.20423374,0.07210228,0.13687772,16.475235,3436,1,50,32,1.56,"[16, 6, 16, 6, 3, 6, 16, 16, 18, 16, 6, 16, 6, 6, 6, 6, 16, 6, 6, 6, 6, 16, 6, 0, 0, 0, 0, 0, 0, 0, 0, 0, 0, 0, 0, 0, 0, 0, 0, 0, 0, 0, 0, 0, 0, 0, 0, 0, 0, 0]","[6, 3, 16, 15, 15, 10, 16, 8, 14, 15, 2, 8, 14, 16, 10, 18, 7, 1, 2, 14, 2, 15, 12, 1, 12, 2, 16, 10, 13, 16, 2, 14, 9, 11, 9, 15, 18, 18, 14, 7, 17, 9, 6, 2, 9, 15, 9, 17, 12, 6]",0.0,0.39689946
MYB_25,AQNVSSHVPYPVALHVNIVNVPQPAAAAIQRHYNDEDPEKEKRIKELELLLMSTENELKGQQVLPTQNHTCSYPGWHSTT,EP300,GDSRRLSIQRCIQSLVHACQCRNANCSLPSCQKMKRVVQHTKGCKRKTNGGCPICKQLIALCCYHAKHCQENKCPVPFCLNI,TAZ2,33019.13,C_B,37.0,0.189,0.514,0.243,32.0,0.4,6.0,3.0,-17.54,1331.4,0.42334144,0.39206666,0.17766489,0.12274917,16.2943306,2215,3,50,32,1.56,"[1, 14, 12, 18, 16, 16, 7, 18, 13, 20, 13, 18, 1, 10, 7, 18, 12, 8, 18, 12, 18, 13, 14, 13, 1, 1, 1, 1, 8, 14, 15, 7, 20, 12, 3, 4, 3, 13, 4, 9, 4, 9, 15, 8, 9, 4, 10, 4, 10, 10]","[6, 3, 16, 15, 15, 10, 16, 8, 14, 15, 2, 8, 14, 16, 10, 18, 7, 1, 2, 14, 2, 15, 12, 1, 12, 2, 16, 10, 13, 16, 2, 14, 9, 11, 9, 15, 18, 18, 14, 7, 17, 9, 6, 2, 9, 15, 9, 17, 12, 6]",0.29961850963833103,0.66673523
CREB3L3_0,NTDLAAGKMASAACSMDPIDSFELLDLLFDRQDGILRHVELGEGWGHVKDQQVLPNPDSDDFLSSILGSGDSLPSSPLWS,EP300,GDSRRLSIQRCIQSLVHACQCRNANCSLPSCQKMKRVVQHTKGCKRKTNGGCPICKQLIALCCYHAKHCQENKCPVPFCLNI,TAZ2,8227.55,C_B,30.0,0.233,0.533,0.1,30.0,0.396,6.0,0.0,-16.56,1092.04,0.55839424,0.55771524,0.16603732,0.13817076,16.0198078,3754,1,50,32,1.56,"[12, 17, 3, 10, 1, 1, 6, 9, 11, 1, 16, 1, 1, 2, 16, 11, 3, 13, 8, 3, 16, 5, 4, 10, 10, 3, 10, 10, 5, 3, 15, 14, 3, 6, 8, 10, 15, 7, 18, 4, 10, 6, 4, 6, 19, 6, 7, 18, 9, 3]","[6, 3, 16, 15, 15, 10, 16, 8, 14, 15, 2, 8, 14, 16, 10, 18, 7, 1, 2, 14, 2, 15, 12, 1, 12, 2, 16, 10, 13, 16, 2, 14, 9, 11, 9, 15, 18, 18, 14, 7, 17, 9, 6, 2, 9, 15, 9, 17, 12, 6]",0.8564479956875979,0.6421975
HOXA2_30,CLSTMGQNCGAGLNNDSPEALEVPSLQDFSVFSTDSCLQLSDAVSPSLPGSLDSPVDISADSLDFFTDTLTTIDLQHLNY,EP300,GDSRRLSIQRCIQSLVHACQCRNANCSLPSCQKMKRVVQHTKGCKRKTNGGCPICKQLIALCCYHAKHCQENKCPVPFCLNI,TAZ2,15609.97,C_B,35.0,0.343,0.371,0.143,35.0,0.296,6.0,1.0,-26.77,1660.59,0.41635052,0.3702778,0.14105195,0.13524796,13.3041286,4592,1,50,32,1.56,"[2, 10, 16, 17, 11, 6, 14, 12, 2, 6, 1, 6, 10, 12, 12, 3, 16, 13, 4, 1, 10, 4, 18, 13, 16, 10, 14, 3, 5, 16, 18, 5, 16, 17, 3, 16, 2, 10, 14, 10, 16, 3, 1, 18, 16, 13, 16, 10, 13, 6]","[6, 3, 16, 15, 15, 10, 16, 8, 14, 15, 2, 8, 14, 16, 10, 18, 7, 1, 2, 14, 2, 15, 12, 1, 12, 2, 16, 10, 13, 16, 2, 14, 9, 11, 9, 15, 18, 18, 14, 7, 17, 9, 6, 2, 9, 15, 9, 17, 12, 6]",0.6906356862502878,0.6614103
EYA3_5,EEIMTCTDYIPRSSNDYTSQMYSAKPYAHILSVPVSETAYPGQTQYQTLQQTQPYAVYPQATQTYGLPPFGALWPGMKPE,EP300,GDSRRLSIQRCIQSLVHACQCRNANCSLPSCQKMKRVVQHTKGCKRKTNGGCPICKQLIALCCYHAKHCQENKCPVPFCLNI,TAZ2,29444.24,C_B,30.0,0.3,0.5,0.1,27.0,0.451,3.0,0.0,-16.5,983.16,0.30292185,0.2500746,0.09099105,0.11614802,17.3181973,1657,1,50,32,1.56,"[4, 4, 8, 11, 17, 2, 17, 3, 20, 8, 13, 15, 16, 16, 12, 3, 20, 17, 16, 14, 11, 20, 16, 1, 9, 13, 20, 1, 7, 8, 10, 16, 18, 13, 18, 16, 4, 17, 1, 20, 13, 6, 14, 17, 14, 20, 14, 17, 10, 14]","[6, 3, 16, 15, 15, 10, 16, 8, 14, 15, 2, 8, 14, 16, 10, 18, 7, 1, 2, 14, 2, 15, 12, 1, 12, 2, 16, 10, 13, 16, 2, 14, 9, 11, 9, 15, 18, 18, 14, 7, 17, 9, 6, 2, 9, 15, 9, 17, 12, 6]",0.3799120674262034,0.32196614
MTERF3_8,SAQSSLLPSMNEQSQKTQNISSFDSELFLEELDELPPLSPMQPISEEEAIQIIADPPLPPASFTLRDYVDHSETLQKLVL,EP300,GDSRRLSIQRCIQSLVHACQCRNANCSLPSCQKMKRVVQHTKGCKRKTNGGCPICKQLIALCCYHAKHCQENKCPVPFCLNI,TAZ2,22471.3,C_B,53.0,0.17,0.453,0.245,56.0,0.402,7.0,6.0,-22.14,1559.68,0.56469809,0.55310524,0.19024869,0.12125284,15.6843529,3259,2,50,32,1.56,"[16, 1, 14, 16, 16, 10, 10, 13, 16, 11, 12, 4, 14, 16, 14, 9, 17, 14, 12, 8, 16, 16, 5, 3, 16, 4, 10, 5, 10, 4, 4, 10, 3, 4, 10, 13, 13, 10, 16, 13, 11, 14, 13, 8, 16, 4, 4, 4, 1, 8]","[6, 3, 16, 15, 15, 10, 16, 8, 14, 15, 2, 8, 14, 16, 10, 18, 7, 1, 2, 14, 2, 15, 12, 1, 12, 2, 16, 10, 13, 16, 2, 14, 9, 11, 9, 15, 18, 18, 14, 7, 17, 9, 6, 2, 9, 15, 9, 17, 12, 6]",0.5365272809967938,0.6366477
